<?xml version="1.0" encoding="UTF-8"?>
<project-private xmlns="http://www.netbeans.org/ns/project-private/1">
    <editor-bookmarks xmlns="http://www.netbeans.org/ns/editor-bookmarks/2" lastBookmarkId="0"/>
    <open-files xmlns="http://www.netbeans.org/ns/projectui-open-files/2">
        <group>
            <file>file:/C:/Users/ru368/Documents/NetBeansProjects/HMSalgopk/src/BillingInfo.java</file>
            <file>file:/C:/Users/ru368/Documents/NetBeansProjects/HMSalgopk/src/Patient.java</file>
            <file>file:/C:/Users/ru368/Documents/NetBeansProjects/HMSalgopk/src/Home.java</file>
            <file>file:/C:/Users/ru368/Documents/NetBeansProjects/HMSalgopk/src/Login.java</file>
            <file>file:/C:/Users/ru368/Documents/NetBeansProjects/HMSalgopk/src/HMS/PatientList.java</file>
            <file>file:/C:/Users/ru368/Documents/NetBeansProjects/HMSalgopk/src/HMS/Patients.java</file>
            <file>file:/C:/Users/ru368/Documents/NetBeansProjects/HMSalgopk/src/HMS/Login.java</file>
            <file>file:/C:/Users/ru368/Documents/NetBeansProjects/HMSalgopk/src/HMS/BillingInfo.java</file>
            <file>file:/C:/Users/ru368/Documents/NetBeansProjects/HMSalgopk/src/Medicine.java</file>
            <file>file:/C:/Users/ru368/Documents/NetBeansProjects/HMSalgopk/src/HMS/Medicines.java</file>
            <file>file:/C:/Users/ru368/Documents/NetBeansProjects/HMSalgopk/src/HMS/CheckUp.java</file>
            <file>file:/C:/Users/ru368/Documents/NetBeansProjects/HMSalgopk/src/Patients.java</file>
            <file>file:/C:/Users/ru368/Documents/NetBeansProjects/HMSalgopk/src/HMS/Home.java</file>
            <file>file:/C:/Users/ru368/Documents/NetBeansProjects/HMSalgopk/src/HMS/Medicine.java</file>
        </group>
    </open-files>
</project-private>
